,Tweet,label
0,fadli zon menteri negeri nonaktif ahok gubernur daerah khusus ibukota,0
1,luka aksi rangka penjara ahok ahok gagal pilih kepala daerah,0
2,sylvi gurbernur keras perempuan bukti foto bareng debat final pilih kepala daerah jakarta,0
3,ahmad dhani puas debat pilih kepala daerah jalan bekas ungkap,0
4,waspada kartu tanda duduk palsu kawal pilih kepala daerah,0
5,agam bahas pilih kepala daerah tingkat iman batas pilih kepala daerah,0
6,maksud nyata amin kriminalisasi ahok hati mulut,0
7,ahok integrasi transportasi publik sistem single ticketing infotribun,0
8,ahok lawan korupsi kota bangun infrastruktur coba baik trobosan works well,0
9,awas curang pilih kepala daerah agus sylvi pakai aplikasi,0
10,jokowi ahok kalem lengkap,0
11,bos makan istana undang makan istana gebang tapi,0
12,cuti habis ahok gubernur daerah khusus ibukota amat ada republika online,0
13,debat pilih kepala daerah daerah khusus ibukota jakarta gelar jumat malam,0
14,demonstran fpd malteng desak badan awas pilih henti tahap pilih kepala daerah malu,0
15,desak henti ahok ngeles cuti pilih kepala daerah kampanye habis menteri negeri ragu ragu,0
16,gila gara pilih kepala daerah tokoh tampak watak asli,0
17,gontor izin santri pulang kampung coblos pilih kepala daerah daerah khusus ibukota republika online,0
18,gubernur non aktif daerah khusus ibukota jakarta basuki tjahaja purnama ahok rencana rombak struktur jabat pegawai,0
19,hebat imam masjid istiqlal kalimat ahok nista agama sebar,0
20,beli telur pakai pilih timbang pdh telur telur busuk,0
21,ahok kait siap debat pilih gubernur besok,0
22,pesan ahok pers nasional kitapastipernah,0
23,istighotsah ahok catut logo nu,0
24,bicara pilih ahok djarot rasa banjir sih,0
25,iya deh hoaks,0
26,lacur belia jual orang tua pantura suap nasi,0
27,sebar hoaks tahu akun twitter nya lo,0
28,empok murni nya tolong mas,0
29,bidara beli mangga pulang nya liwat slip lupa ingat tetangga pilih agus sylvi harilagimilihahy agusbersamaulama,0
30,serius selip hibur ude ude ude pilkadadki debat final pilih kepala daerah jakarta,0
31,sylvie sukses blunder bikin pasang calon drop elektabilitasnya fitnah spin salah pilih kader debat final pilih kepala daerah jakarta,0
32,ahok mari lomba program debat final pilih kepala daerah jakarta,0
33,debat final pilih kepala daerah jakarta aduh kecewa pasang calon,0
34,debat final pilih kepala daerah jakarta pilih nomor sektor informal maju mas agus empok sylvi,0
35,ahok pilih baik jakarta,0
36,debat final pilih kepala daerah jakarta bu silvy curhat marah ahok hehe,0
37,mantap ahok debat final pilih kepala daerah jakarta,0
38,ahok gagah kayak gatot kaca debat final pilih kepala daerah jakarta,0
39,telaaaakkk nomer satuuuu nghahahaha debat final pilih kepala daerah jakarta,0
40,lomba adu program debat final pilih kepala daerah jakarta skaksilvi,0
41,debat final pilih kepala daerah jakarta dengar program janji tau pas jalan malas sih,0
42,debat calon gubernur daerah khusus ibukota februari segmen mantap ahok sekak sylviana murni ndebatfinalpilkadajkt,0
43,silvy paksa debat final pilih kepala daerah jakarta,0
44,tanggal pas pilih kepala daerah pilih ah,0
45,pribadi prefer muslim kapabilitas lihat kondisi ahok pilih pulang realistis maju daerah khusus ibukota,0
46,dukung mas anies anti ahok,0
47,spanduk tolak salat bela nista agama muncul kalibata,0
48,debat final pilih kepala daerah jakarta telak banget anjir tertawa,0
49,ayo lomba program fitnah debat final pilih kepala daerah jakarta,0
50,antuk yeay debat final pilih kepala daerah jakarta,0
51,aduh bilang program pasang calon kasihan kasihan kasihan debat final pilih kepala daerah jakarta,0
52,tuntut adil nista agama puluh jawara betawi ikut aksi jilid ih,0
53,keras nih ahok debat final pilih kepala daerah jakarta,0
54,pasang calon anies sandiaga uno februari jakarta indonesia raya oke oke,0
55,sesuai nama ronde final ndebatfinalpilkadajkt,0
56,menteri negeri pusing emoh keluar fatwa status gubernur nista agama,0
57,tolong adu program,0
58,genderang perang kencang debat final pilih kepala daerah jakarta,0
59,empok sylvi emosi ude debat final pilih kepala daerah jakarta,0
60,some people beda kasar debat final pilih kepala daerah jakarta,0
61,beliau pimpin hebat indonesia bangga,0
62,bu silvy foto ahok hihi debat final pilih kepala daerah jakarta,0
63,debat final pilih kepala daerah jakarta serang deh,0
64,baca biar dingin suasana debat final pilih kepala daerah jakarta,0
65,ayo lomba program fitnah doang debat final pilih kepala daerah jakarta badjapastimenang,0
66,pokok ahok bicara aduuuuuuh selesai debat final pilih kepala daerah jakarta,0
67,senjata makan tuan debat final pilih kepala daerah jakarta devat final daerah khusus ibukota,0
68,ahok keras verbal koruptor elus debat final pilih kepala daerah jakarta,0
69,program serang serang karakter ahay ude debat final pilih kepala daerah jakarta,0
70,kait jakarta ramah anak tanggap,0
71,oke oke anies sandi atas urbanisasi lapang kerja debat final pilih kepala daerah jakarta,0
72,suporter kampung pasang calon bicara debat final pilih kepala daerah jakarta,0
73,seru nih debat final pilih kepala daerah jakarta,0
74,debat final pilih kepala daerah jakarta menang menang tonjok,0
75,debat malam pilih jatuh pasang calon debat final pilih kepala daerah jakarta debatpilkadadki,0
76,wkwk pilih anies sandi debat final pilih kepala daerah jakarta,0
77,fitnah kejam bunuh debat final pilih kepala daerah jakarta,0
78,mari debatsehat coba pakai datasesat debat final pilih kepala daerah jakarta debatfinaldikompastv,0
79,apa berani ahok bongkar mafia anggar tonggak anggar dapat belanja daerah kredibel akuntabel,0
80,wujud nasional is me dagang hebat,0
81,dosen asli,0
82,kampanye deklarasi anti sara gue pikir no mending no,0
83,debat final pilih kepala daerah jakarta matang empok silvy bombardir ahok cerdas ahok,0
84,debat final pilih kepala daerah jakarta mohon tenang,0
85,no nih bicara program mulu ya bhan ya serang lawan cape deh devat final daerah khusus ibukota debat final pilih kepala daerah jakarta,0
86,cinta ahok pokok debat final pilih kepala daerah jakarta,0
87,debat final pilih kepala daerah jakarta foto ahok lo,0
88,mas agus aku malam rambut bagus debat final pilih kepala daerah jakarta,0
89,ahok janji berani tutup hibur malam jual narkoba,0
90,agus sylvi sisip bahasa jawa debat,0
91,ahok perhati sandang disabilitas jauuuh kandidat janji nobarahokdjarot badjapastijuara,0
92,ahok keren debat final pilih kepala daerah jakarta,0
93,ya tim ahok sudut final kali iya,0
94,nih fakta bunyi badjapastimenang debat final pilih kepala daerah jakarta,0
95,meme cctv debat final pilih kepala daerah jakarta debatpilkadadki devat final daerah khusus ibukota,0
96,nyinyir tingkat nasional debat final pilih kepala daerah jakarta,0
97,drama banget debat final pilih kepala daerah jakarta,0
98,judul debat serang pasang calon debat final pilih kepala daerah jakarta,0
99,serang ya debat final pilih kepala daerah jakarta,0
100,debat tengkar beda tipis debat final pilih kepala daerah jakarta,0
101,orang bilang maki maki orang debat final pilih kepala daerah jakarta,0
102,perempuan beda kaum perempuan debatfinalpilkadajk,0
103,mantap oke oke anies sandi atas urbanisasi lapang kerja,0
104,seru nih ungkit keras verbal laku manusia debat final pilih kepala daerah jakarta,0
105,perempuan perempuan debat final pilih kepala daerah jakarta,0
106,debat final pilih kepala daerah jakarta pasang calon kategori keras debat,0
107,maaf biar malam memposting ujar benci malam xoxo debat final pilih kepala daerah jakarta,0
108,moga allah menang anies sandi,0
109,debat final pilih kepala daerah jakarta non muslim coblos ahok muslim coblos djarot,0
110,debat final pilih kepala daerah jakarta pimpin cipta suasana damai tentram adu domba hasut,0
111,presiden kepala polisi republik indonesia oke oke debat final pilih kepala daerah jakarta,0
112,banget pihak media debat final pilih kepala daerah jakarta,0
113,hatikecil bagus nih ilustrasi debat final pilih kepala daerah jakarta,0
114,ahok keren,0
115,isi lini twitter pilih kepala daerah bosan,0
116,mohon tenang mohon tenang debat final pilih kepala daerah jakarta,0
117,ah ulang jawab beda debat final pilih kepala daerah jakarta,0
118,asa deh om audio ya debat final pilih kepala daerah jakarta,0
119,tinggal pinggir kali tanah jual pinggir jalan,0
120,sehat warga daerah khusus ibukota jakartaberlari baru bangun sejahtera warga debat final pilih kepala daerah jakarta,0
121,putus pacar program oke oke solusi nya debat final pilih kepala daerah jakarta,0
122,libat paham bidang duduk pecah solusi pimpin cerdas debat final pilih kepala daerah jakarta,0
123,laki laki alami keras verbal kali diri marah istri ayo aku,0
124,gera gera ala periksadata debat final pilih kepala daerah jakarta,0
125,mayoritas warga jakarta pimpin gubernur iya debat final pilih kepala daerah jakarta,0
126,pasang calon serang pasang calon nih debat final pilih kepala daerah jakarta,0
127,upaya anies sandi dukung perempuan laku usaha tengah debat final pilih kepala daerah jakarta,0
128,salah indikator tingkat kualitas hidup warga jakarta senyum djarot malam,0
129,tonton wajib tunggu habis debat final pilih kepala daerah jakarta,0
130,ahok sandang disabilitas debat final pilih kepala daerah jakarta,0
131,jeda ahok djarot sapa ganjar pranowo panggung,0
132,sayang hyung citra wkwk,0
133,jual kue balai kota ahok tau sih sakit langsung urus rumah sakit citra,0
134,biar jajan juta,0
135,bio gue ganti astagfirullah rusak citra cewek cantik,0
136,mata najwa debat jakarta ya ampun closing nyata commentnya ky ya,0
137,ha closing nyata cepat debat final pilih kepala daerah jakarta,0
138,debat final pilih kepala daerah jakarta kali keren sesi kali sesi curhat,0
139,tiga pasang calon gagal jawab puji baik pasang calon,0
140,mari juang susilo bambang yudhoyono menang saduddindhani pilkadakabbekasi bekas sah bekasiberjaya,0
141,jika aparatur beli kiai santri oplos beli asli lawan adil,0
142,pasang unggul debat kandidat gubernur wakil gubernur daerah khusus ibukota jakarta malam,0
143,agam hati dalam citra jktberagam,0
144,bangun bangsa negara metoda citra uji rekam jejak integritas tokoh,0
145,sikap jaga perilaku citra orang,0
146,jujur curiga buat tuduh citra bahagia iri abai,0
147,umat islam peduli agama goda trik konyol insyaallah umat islam sadar,0
148,aniesintoleran anies baswedan milik integritas kredibilitas pimpin,0
149,berita ahok nista agama nista agama kampanye jakarta pusat,0
150,sadis berita ahok judul awal degan dakwa nista agama nama,0
151,kemarin berita sakit mengingitis babi maksud gue sambung ahok,0
152,artis korea world tour ahmad dhani,0
153,ahok jakarta daging babi bal hubung nya ya,0
154,ahmad dhani bangkrut tagih utang video mantan istri janda kayak raya tahun,0
155,ahmad dhani sentil ahok eh sandiaga uno cengar cengir,0
156,hehhee kagum sesorng kecuali rasulullah,0
157,mata najwa debat jakarta acara habis debat sapa papar program solusi,0
158,koruptor letak kitab suci tempat rendah sok milik kapling surga,0
159,wow dukung rakyat palestina ahok dituduhsbg nista agama elu ahok ahok is the best,0
160,citra media sosial tanggung citra malu malu kasihan,0
161,kicau ahmad dhani limpah polisi resor metro jakarta selatan,0
162,kahfi komplit banget ya heran nya percaya idolain,0
163,adil cipta sih nista agama vonis penjara berjamaahtolakreklamasi,0
164,bro fatwa nista agama majelis ulama indonesia keluar fatwa,0
165,sidang kuat ahok nista agama bantah,0
166,ahok akademisi ahmad dhani intelektual intelek bang anies,0
167,nista agama sungguh agama suci alat kejar jabat kuasa,0
168,kalah pilih kepala daerah bekas ahmad dhani juru kampanye pasang anies sandi nenengyes,0
169,mata najwa debat jakarta bravo closing nyata anies malam debat tonton mata najwa suka,0
170,mata najwa debat jakarta anis bikin pas debat kemarin tarik sambung,0
171,mata najwa debat jakarta buzzer ahok kerja keras nih ayo kerja tar gaji turun,0
172,mata najwa debat jakarta rendah hati lawan rendah hati banget,0
173,mata najwa debat jakarta gaya kayak susilo bambang yudhoyono ya,0
174,mata najwa debat jakarta kenyataanya sih anis nyaman banget isu sara untung anis pura sok bijak nikmat isu sara,0
175,mata najwa debat jakarta sesal lihat debat mutu cela,0
176,mata najwa debat jakarta simpul rela gubernur anies percaya ahok menang salam jari,0
177,ahoker panas dingin ahok kalah debat anis mata najwa debat jakarta,0
178,backsound tutup mata najwa musisi judul mata najwa debat jakarta,0
179,mata najwa debat jakarta p ahok apa rakyat p anies tkt curang erti beda,0
180,mantapppp mata najwa diskusi hidup didik kualitas banding debat selenggara komisi pemelihan,0
181,mbak najwa ayo tengah kiri anies cepat selesai kalimat,0
182,ribut ribut pribumi lawan non pribumi ramai beranda maksud,0
183,sedih lihat anies tokoh kagum mata najwa debat jakarta,0
184,sp bisa serang pribadi ahok program bangga mata najwa debat jakarta,0
185,nih om gedek dengar retorika wawas lanjur ya mata najwa debat jakarta,0
186,haduhhhh anies dukung datang jakarta jakarta mata najwa debat jakarta,0
187,haha anies demo jawa barat komentar takut kalah ya haha mata najwa debat jakarta,0
188,mata najwa debat jakarta uno habis istri marah ya beli sepatu ribu istri marah,0
189,mata najwa debat jakarta suka serang perang ibadah serang orang,0
190,mata najwa debat jakarta pasang calon serang bawa serang pasang calon tenang jawab,0
191,aahhh sedih orang depok jakarta manies jahattttt mata najwa debat jakarta,0
192,mata najwa debat jakarta saludd mata najwa bobot debat malam,0
193,orang tanggung tindak tuai positif sidang ahok,0
194,sidang ahok duga nista agama dakwa ahok murni isu pilih kepala daerah daerah khusus ibukota jakarta murni islam,0
195,jujur pahala surga sabar ya basuki free ahok,0
196,mata najwa debat jakarta terima kasih didik demokrasi rakyat indonesia jakarta,0
197,pihak badan hukum rusak demokrasi important mata najwa debat jakarta,0
198,cerita kalimat lontar anies bahasa mata najwa debat jakarta,0
199,lihat media sosial ahok menang telak sayang manis serap warga mata najwa debat jakarta,0
200,basuki bebas ya free ahok,0
201,debat ahok angin ya kuasa problem solusi tata kelola jakarta,0
202,lihat ahok kayak lihat power rangers merah,0
203,simpul ahok surat pemberitahuan tahun fokus detail program anies fokus jatuh lawan mata najwa debat jakarta,0
204,tunjuk serius ganggu selamat gagas nya mata najwa debat jakarta,0
205,pihak layan rakyat sepenuh hati tuhan kuasa tuhan ambil ahokmatanajwadebatjakarta,0
206,ahok blunder bagus tanya komitmen terima hasil kontestasi mata najwa debat jakarta,0
207,jakarta selamat juang ahok anies mata najwa debat jakarta,0
208,ahoker debat program jlebb kena uppercut anies kjp pergubnya rubah,0
209,anut agama hak ahok mata najwa debat jakarta,0
210,heran ilklan kampanye ahok djarot baru bingung akuang asiang aming iklan ahok jahat,0
211,habis coblos streaming video kembang pilih kepala daerah pakai sisakuotagakhangus kuota habis deh,0
212,muslim uji negara mayoritas islam moga sabar tahan bicara kasar balas,0
213,anies tabur tuai takut mata najwa debat jakarta,0
214,metode tari sampel hitung cepat litbang kompas pilih kepala daerah daerah khusus ibukota jakarta simak,0
215,diam ahok gera salah menang menang iklan ahok jahat,0
216,bincang tarik quick count pilih kepala daerah netpilkada,0
217,syukur tutup kampanye doa pilih kepala daerah daerah khusus ibukota jakarta februari jalan lancar,0
218,julia perez kecewa gagal coblos pilih kepala daerah daerah khusus ibukota mungut suara rscm,0
219,sedia ambulans pasien coblos pilih kepala daerah daerah khusus ibukota,0
220,pilih kepala daerah hilang hak jamin konstitusi,0
221,ya allah anis sandi gubernur daerah khusus ibukota jakarta pilih,0
222,domisili gue jakpus bela bela mungut suara lokasi jakbar modal e kartu tanda duduk ikut pilih kepala daerah,0
223,presiden hak suara pilih kepala daerah daerah khusus ibukota jakarta mungut suara gambir jakarta pusat netpilkada,0
224,agree ahok kuasa tuhan kasih jatuh tuhan naik mata najwa debat jakarta,0
225,akibat nila titik rusak susu bangga akibat mulut oknum didik rusak satu bangsa iklan ahok jahat,0
226,mudah mudah novel baswedan alami buta mata buta donor mata,0
227,ubah pilih iklan ahok jahat,0
228,salah ahok iklan protes orang pakai spanduk iklan ahok jahat,0
229,gue erti uang muka rumah skema ya perban kredit rumah pakai uang muka debatfinalpilkadadki,0
230,debatfinalpilkadadki anies gubernur pimpin administratur layan masyarkt layan cermin integritas,0
231,kalimat tutup anies ambisius ahok maaf karakter bohong debatpilkadadki debatfinalpilkadadki,0
232,provokasi sentimen jual sara mu cinta indonesia iklan ahok jahat,0
233,umat suguh iklan ahok jahat tebar benci rukun umat agama,0
234,polling anies sandi menang moga h nya aniessandi,0
235,iklan kampanye ahok sebarin spanduk syariat brosur black kampanye iklan ahok jahat,0
236,oke oke merek mana oke oke kampung oke oke debatfinalpilkadadki,0
237,sungguh heran kampanye bineka sebar islamophobia bineka,0
238,debat final pilih kepala daerah daerah khusus ibukota jakarta gagap adjat sudradjat,0
239,pimpin kait lisan beda gubernur anak anak mata najwa debat jakarta,0
240,cerita djarot harap dukung damai debatfinalpilkadadki temanahok aniessandi,0
241,bilang serius banget mentwit pakai tagar iklan ahok jahat bawa asa,0
242,ira koesno dekat anies sandi marah dukung pasang calon debat pilih kepala daerah daerah khusus ibukota,0
243,alhamdulillah ya allah subhanahu wa taala moga jakarta gubernur sahaja sahabat aniessandi,0
244,jelang larut malam diskusi aktivis golkar tingkat lurah gabung menang aniessandi,0
245,sosok anies sandi aku ayom kompeten bangun ruku bineka jakarta,0
246,bicara manis gampang gilir kerja bingung mata najwa debat jakarta,0
247,april warga jakarta tentu kota,0
248,terima kasih anies pemaparantentang uang muka solusi warga jakarta rumah sewa,0
249,perhati tim mas sibuk oceh ahok program urus,0
250,pilih gubernur jujur kerja nyata anti korupsi pintar mlyani rakyat ikhlas peduli pilih ahok djarot,0
251,sandi rangkul tegak hukum pimpin hadir contoh buat,0
252,hasil kerja ahok djarot sungai jakarta normal bersih enak pandang,0
253,ahok anies baik bagus oke pilih menang rakyat jakarta,0
254,moga basuki presiden indonesia maju,0
255,allah subhanahu wa taala butuh butuh allah rezeki hidup mati allah tentu khianat allah sesal sidang ahok,0
256,sidang ahok lanjut rekam muat kampanye ahok dasar kena pajak nasional demokrat pulau ribu,0
257,ahok bebas hukum adil lanjut baik daerah khusus ibukota moga hakim mmpunyai sense of justice,0
258,bangkit listrik tenaga panas bumi besar dunia citipeka sidang ahok tebakanhajidjarot,0
259,toleransi muslim jalan perintah agama non muslim jalan agama,0
260,teman setia hindar pimpin,0
261,jujur pahala surga free ahok,0
262,sidang drama korea kali tunggu sidang ahok season nih kayak goblin kalah pamor,0
263,transportasi online mana tarif murah aman nyaman layan,0
264,nelayan jakarta siap pulau khusus perintah daerah daerah khusus ibukota lunchbreak sidang ahok,0
265,ada potensi radikalisme pilih gubernur daerah khusus ibukota jakarta lunchbreak sidang ahok,0
266,siar ulang ahokdjarotdirosi malam saksi yuk ahok djarot temanahok,0
267,orang salah takut doa salah takut tobat doa nyata,0
268,selamat pagi selamat aktivitas happy pekan moga orang jujur biar hidup mujur amin free ahok,0
269,ahok tuntut penjara vonis bebas warga daerah khusus ibukota lanjur hilang pimpin baik free ahok,0
270,alhamdulillah tuntut jaksa coba jaksa aku ahok salah free ahok,0
271,kalah menang ahok terima kasih ajar kerja keras rakyat bersih,0
272,pilih kepala daerah serentak megawati intimidasi politik uang,0
273,thw anies sandiaga doa ustaz debat pilih kepala daerah,0
274,lelah abdi indonesia ahok ahok,0
275,menang anies rangkul pasang calon menang kontestasi pilih kepala daerah,0
276,tentara nasional indonesia polisi republik indonesia sinergi jaga aman jelang pilih kepala daerah daerah khusus ibukota tentara nasional indonesia polisi republik indonesia bersin,0
277,wednesr bismillah insya allah agus sylvi menang pilih kepala daerah daerah khusus ibukota putar pimpin amanah cinta rakyat jakarta,0
278,terima kasih bikin jakarta jabat,0
279,online sikap tertib aman kota negara jelang pilih kepala daerah daerah khusus ibukota jakarta,0
280,rencana tuhan rencana manusia ahok kebih posisi,0
281,kalah hormat dukung badja terimakasihahok,0
282,basuki ahok wawancara informal wartawan balai kota,0
283,terima kasih ahok ahok ahok kalah selamat gubernur,0
284,lucu yuk ahok promosi musik dangdut tamu mancanegara,0
285,minggu tenang pilih kepala daerah ahok fokus kerja balai kota resmi resmi rptra csr tunda,0
286,mantap ahok perintah provinsi daerah khusus ibukota jakarta terjun alat berat keruk sampah waduk pluit,0
287,pagi polrestro bekas gelar pasu pilih kepala daerah,0
288,ahok bantu orang ahok beliau blusukan ahok gue,0
289,ahok gubernur lupa bangun provinsi jambi lahan tani jalan kreta api jambi riau lampung,0
290,partai nasional demokrat optimis menang pilih kepala daerah serentak,0
291,biar kalah bangga sabar ikhlas terima nya jabat ahok ahok,0
292,sabar ikhlas ya hasil nya dukung jabatn emban ahok,0
293,kenal bkerja kras nilai juang,0
294,dukung jujur niat layan warga ganti kerja,0
295,puluh personel brigade mobil nunukan berangkat aman pilih kepala daerah provinsi,0
296,ahok sing sabar simpan energi indonesia gusti allah tidur,0
297,pilih sehat kompensasi sarap pagi uhm sehat impas,0
298,mahfud md heran undang undang perintah daerah menteri negeri keukeuh tahan ahok,0
299,tuips sinta nuriyah keluar nyata kait pilih kepala daerah daerah khusus ibukota,0
300,jatuh hati deh paling pilih ahok djarotlah baik,0
301,iya pemenagnya pasang calon buka milik peluang,0
302,abdillahtoha aksi ubah zikir pilih kepala daerah zikir ibadah dekat allah,0
303,pilih kepala daerah penting politik sahabat saudara putus saudara,0
304,pilih kepala daerah beltim kampung ahok suara babel kalah telak pilih kepala daerah daerah khusus ibukota suara,0
305,ya allah benar ahok samper sih emak,0
306,terima kasih tahun wakil gubernur gubernur,0
307,mkom simpul tuips mari menang agus sylvi putar pakai putar habis,0
308,selamat menang anies sandi moga jakarta satu,0
309,bangga milik putra bangsa basuki djarot,0
310,teman teman apa pilih hidup pilih kepala daerah mari rangkul jakarta maju bahagia,0
311,selamat status baru aniessandi semangat ya moga sesuai janji,0
312,ahok semangat ya harga kerja keras ucap selamat menang pasang calon nomor aniessandi,0
313,terima kasih ahok djarot bangga pimpin dua semangat sukses,0
314,terima kasih ahok djarot,0
315,sumarsono gaya ahok kerja keras patut contoh bagus,0
316,jujur pakai hati nurani ahok baik jakarta gubernur jujur perhati warga,0
317,ahok the best salut orang nya sabar coba tuhan ahok is the best,0
318,terima kasih ahok ajar makna peduli rakyat andai sempat,0
319,hadeuuuh gaduh pilih kepala daerah daerah khusus ibukota ya pilih kepala daerah serentak aman aman,0
320,masyarakat transportasi jakarta dukung ahok djarot,0
321,tarik debat pilih kepala daerah daerah khusus ibukota tarik salah calon gubernur kepal tangan jelas,0
322,semangat maju tuhan god bless more and forever ahok famili,0
323,selamat tugas anis moga jakarta,0
324,selamat ya tunggu program realisasi kecewa jakarta,0
325,doa baik ucap saudara gaza palestina,0
326,selamat menang moga allah kah tiap langkah ambil amin salamjari,0
327,baik ajang debat buka,0
328,anies selamat ya pilih gubernur wakil gubernur jakarta,0
329,jahat perban spin tim agus harimurti yudhoyono penting pilih kepala daerah,0
330,agus sylvi prediksi maju putar pilih kepala daerah daerah khusus ibukota versi survei grp,0
331,alhamdulillah sambut antusias warga blusuk ahok real ting,0
332,detik ahok harap besar prayforjakarta,0
333,tuhan rencana indah ahok djarot,0
334,selamat terima kasih ahok djarot negara orang,0
335,terima kasih baik jakarta tancap hati warga jakarta,0
336,anies sandi menang,0
337,terima kasih dukung percaya tuhan baik jakartapunyasemua,0
338,gubernur wakil gubernur baik jakarta milik,0
339,jelang tugas plt gubernur daerah khusus ibukota aku kerja ahok,0
340,dukung baiat pilih agus sylvi terima risiko,0
341,mutiara mutiara ahok djarot tuhan rencana dahsyat ber indonesia maju,0
342,tuhan percaya ahok gubernur daerah khusus ibukota jakarta,0
343,i love ahok doa moga tuhan kati salam jari ahok i love,0
344,survei baru anies sandi lejit tinggal ahok djarot,0
345,aku ahok tangguh,0
346,dukung doa untuk ahok djarot terima kasih,0
347,badj layan rakyat doa baik badja bangga milik,0
348,mudahhan ahok nomor indonesia,0
349,mungut suara pasang calon pilih kepala daerah daerah khusus ibukota jaga ketat,0
350,duduk jakarta kagum sosok ahok djarot allah rencana selamat beliau,0
351,anies tolong bongkar masjid bangun ahok daan mogot,0
352,pindah on mending besok piknik mumpung long pekan hehe,0
353,moga teladan sosok bang yos gubernur jakarta cinta,0
354,pimpin pimpin erti jiwa pemuda lanjut,0
355,mendulungmu jakarta maju ekonomi nya prestasi sepak bola nya,0
356,negara negara bineka tunggal ika lihat pimpin agama ras budaya,0
357,mendulungmu jakarta maju ekonomi nya prestasi sepak bola nya,0
358,gue ahok patung tanda jasa indonesia madame tussaud,0
359,doa tuhan doa jelek jahat balik doa,0
360,badja jakarta butuh indonesia tunggu abdi,0
361,artikel mas reklamasi gusur uang muka rupiah oke oke figur satu,0
362,besokgueahok bukti uji segi kerja ahok daerah khusus ibukota jakarta ahok,0
363,tinggal jakarta sih rumah otot banget dukung ahok,0
364,semangat pilih kepala daerah untuk pilih untuk pilih ahok,0
365,beda vital reklamasi rumah kutik,0
366,sabar gesa tagih beliau lantik oktober,0
367,mampir orang tua gari banget,0
368,moga maju gubernur era,0
369,masyarakat jakarta jakarta hasil bukti,0
370,masyarakat jakarta salut pimpin ahok,0
371,sayang ahok harap ahok presiden jokowi,0
372,milik jakarta ahok milik bangun jakarta,0
373,ahok calon gubernur bekas ya bekas pimpin orang biar ubah,0
374,kalah ahok mundur adab indonesia selamat radikalisme akal sehat negara,0
375,semangat ahok juang kuat tenaga usaha baik terima kasih,0
376,terima kasih abdi jakarta gudang minta warga,0
377,sakit ya moga semangat depan,0
378,menang nikmat kerja keras jabat terima kasih ahok,0
379,miris ya ahok sukses my idola ahok,0
380,gue suka ahok bantu jokowi urus indonesia cepat maju jakarta,0
381,peluk bilang semangat ya doa baik,0
382,warga jakarta jakarta bangga jakarta pegang rapi,0
383,seyogyanya pilih ahok cerah sistem birokrasi,0
384,ahok gubernur hati,0
385,lahir jakarta detik gue lihat kali pintu air manggarai bersih sampah ya pas jaman jokowi ahok ahok,0
386,kalah rejekinya ya pimpin jujur karya nyata,0
387,tinggal jakarta ubah sadar akitbat gubernur,0
388,cinta ahok terima kasih ya jasa jasa kerja,0
389,semangat ahok terima kasih jakarta sukses ahok,0
390,ahok dukung apa,0
391,terima kasih kerja keras ahok tim pimpin daerah khusus ibukota jakarta semangat god bless famili,0
392,ahok sosok bangga terima kasih ubah jakarta,0
393,moga ahok lindung tuhan sayang ahok ahok orang,0
394,terima kasih basuki sejarah catat bawa ubah warga jakarta,0
395,lanjut juang orang tempat,0
396,hebat inspirasi alam harga,0
397,ahok karya sempat,0
398,tuju gubernur kerja bagus kerja basuki keluarga dukung basuki,0
399,baik jakarta terima kasih kerja moga allah rida langkah,0
400,jabat penting orang hebat jakarta kerja keras ahok terima kasih ahok,0
401,ahok warga daerah khusus ibukota sedih pilih gubernur daerah khusus ibukota,0
402,gubernur satu bawa ubah jakarta semangat,0
403,ahok doa ahok pagi jam kecewa hasil pilih kepala daerah,0
404,kalah menang kuasa tangan tuhan ahok jual iman ahok jabat,0
405,terima kasih ahok djarot kerja tulus keras jakarta,0
406,media asing sorot hasil pilih kepala daerah jakarta,0
407,ahok ajar pilih kepala daerah daerah khusus ibukota,0
408,ajar petik ahok pilih kepala daerah daerah khusus ibukota,0
409,ahok lupa kampanye pilih kepala daerah,0
410,presiden percaya pilih kepala daerah daerah khusus ibukota hasil pimpin baik,0
411,kepala polisi republik indonesia pasti pilih kepala daerah daerah khusus ibukota jalan lancar sejuk,0
412,amat pilih kepala daerah daerah khusus ibukota panas partai politik sulit disiplin massa,0
413,partai politik dukung ahok djarot komitmen jaga pilih kepala daerah damai,0
414,aman pilih kepala daerah daerah khusus ibukota polisi terap sistem aman,0
415,instansi keluar maklumat larang mobilisasi massa pilih kepala daerah daerah khusus ibukota,0
416,baju pakai ahok debat pilih kepala daerah tonton metro televisi televisi one barusan cek,0
417,warga negara wajib sukses pilih kepala daerah jakarta temu performa beda debat pilih kepala daerah,0
418,debat tentu elektabilitas pilih kepala daerah daerah khusus ibukota putar,0
419,terima kasih ahok jasa bangun jakarta,0
420,salut banget ahok jiwa kesatria langsung selamat pasang anis sandi,0
421,keluarga hak pilih pagi lupa warga jakarta mungut suara jam siang,0
422,terima kasih jakarta semangat,0
423,orang jahat jatuh orang bangkit,0
424,jatuh kali tuhan angkat,0
425,rencana surga indah ahok semangat ya,0
426,basuki djarot kuat iman harap,0
427,jalan baik gubernur wakil gubernur daerah khusus ibukota,0
428,masyarakat indonesia khusus daerah khusus ibukota pimpin hasil kerja,0
429,rakyat indonesia asal daerah khusus ibukota doa moga basuki djarot lelah layan semangat,0
430,padam manusia ya kenang manis juang,0
431,doa ahok tameng kejang,0
432,semangat ahok dukung ahok djarot,0
433,menang debat pilih kepala daerah daerah khusus ibukota malam ira koesno,0
434,selamat pasang no anies sandi menang versi quick count terima kasih ahok djarot kerja jakarta,0
435,semangat ahok warga bandung ahok juara,0
436,kerja keras jujur ahok,0
437,maaf ikut coblos kartu tanda duduk jakarta tinggal bandung doa,0
438,moga ahok djarot lanjut visi misi nya bangun kota jakarta rapi bersih nyaman,0
439,nama tuhan jakarta,0
440,semagat anies moga rahmat tuhan maha esa,0
441,warga daerah khusus ibukota hak pilih takut warga hak sehat lahir batin,0
442,moga tuhan masyarakat daerah khusus ibukota jakarta adil sesuai pimpin rakyat amin,0
443,eks dukung agus sylvi jakarta timur deklarasi dukung ahok djarot,0
444,salah jokowi ahok kafir kafir ateis,1
445,biar biar tai nya kena ya suka ahok biar kena tai nya,1
446,angin memporakporandakan basis menang sih nista agama cililitan nya allah ampun njakartabanjir,1
447,prestasi ahok mafia koruptor nista agama hasil tenggelam jakarta congor cebong,1
448,ulama kompak harampemimpinkafir pilih ahok murtad,1
449,didik bodoh larang bawa agama biar orang islam bayar ahok sadar pilih ahok gila,1
450,tanah abang cina resah stres gara sih nista agama pilih kepala daerah pasar sepi sepi minggu,1
451,ri tentang sih cina kafir ahok kriminalisasi polisi rekayasa hukum nya,1
452,habis pikir fanboy ahok bego bego ya erti sejarah gampang jebak iklan maaf ya,1
453,pilih ahok pilih iman koruptor munafik bodoh,1
454,ahok sih hina al qur an ulama sikap jijik sok suci,1
455,ayo umat islam pintar percaya aksi hubung pilih kepala daerah agus harimurti yudhoyono bayar anies untung ude,1
456,debat final pilih kepala daerah jakarta mampuuuusssssss empok silvy,1
457,hidup cina komunis,1
458,salah jokowi ahok sih babi ateis,1
459,ahok menang pilih kepala daerah bikin video sex bareng anak tan,1
460,keluarga domisili jakarta pilih ahok suara ulama bulat harampilihahok jangangolput,1
461,ketutunan cina kota pulau jakarta coblos ahok kartu tanda duduk aspal kamboja,1
462,cina babi cina maling nusirchina,1
463,pilih agus sylvi anak susilo bambang yudhoyono keluarga koruptor nblusukanahok jemaah coblos peci,1
464,tangkap ahok kelompok nya palsu e kartu tanda duduk khianat bangsa negara,1
465,tangkap ahok bagi tuju,1
466,sayang bangsa jago dukung ahok dukung mas anies suci,1
467,video ahok hina agama kristen agama konyol ahok pecah belah bangsa,1
468,nista agama jaksa tuntut ahok pecah belah bangsa,1
469,mbak sylviana please sehat debat final pilih kepala daerah jakarta juang selesai,1
470,nomor sok tau langsung sekak wkwk debat final pilih kepala daerah jakarta,1
471,ayo jaga utuh negara satu republik indonesia tangkap nista agama stop kriminalisasi ulama,1
472,salah dukung mafia koruptor nista agama gerombol banci titot laku bidik arah,1
473,tobat yuk lambat biar gerombol jil doa konsisten bela kafir hayat,1
474,ya allah tempuh curang menang sih nista agama engkau kirim malaikat maut les,1
475,banyak fitnah nih empok silvy debat final pilih kepala daerah jakarta gue,1
476,front bela islam dukung ahok kalah izin allah gusur gubernur koruptor nista agama,1
477,jakarta banjir pimpin akhlak nista agama,1
478,twit asyik tau akun akun pro nista agama akun akun buzzer kerja hujat,1
479,ahoker bela nista agama,1
480,cucu dajjal hadir,1
481,siang malam maki ulama nongkrong media sosial ulama bela nista agama sombong ampun,1
482,mayoritas etnis cina daerah khusus ibukota solid dukung nista agama islam dendam nasionalis,1
483,muka empok silvy asem banget tertawa kena deh habis jahat sih debat final pilih kepala daerah jakarta,1
484,gara bela dakwa nista agama remuk sukurin,1
485,b kumpul teman nista agama empati korban banjir koar puji jujungannya,1
486,penjara nista agama turun,1
487,sih nista agama jaga mulut jaga jakarta,1
488,ahok program pasang calon no program ambang ya iya pakkk program cela debat final pilih kepala daerah jakarta,1
489,aku ahok djarot gagal atas banjir orang kena banjir sibuk sidang nista agama,1
490,julay iya ahok pimpin pantas nista agama penjara,1
491,overdosis televisi bela nista agama,1
492,masuk akal suara nista agama kutuk ame umat islam suara nya sengaja ditinggiin,1
493,pecat menteri data ngawur paksa haha ahok tumbang pasang calon pilih gubernur daerah khusus ibukota,1
494,penjara ahok nista agama jokowi turun konsolidasidewanpkb,1
495,biar tim sih nista agama main curang kemarin sengaja biar biar gaplok umat islam ramai jakarta nista,1
496,haha silvy oh silvy cacing ah wkwk debat final pilih kepala daerah jakarta,1
497,angin ahok tai fitnah tukang caci maki perempuannn anjing ahok tumbang debat final pilih kepala daerah jakarta,1
498,ahok tumbang fakta bilang fitnah ndebatfinalpilkadajkt,1
499,kecewa on silvy malu fitnah rasa ahok panas sekak mat debat final pilih kepala daerah jakarta,1
500,bu silvy anti pegawai negeri sipil level rendah debat final pilih kepala daerah jakarta,1
501,orang islam bodoh goblok milik ahok debat final pilih kepala daerah jakarta,1
502,fitnah front bela islam pecah ulah ahoker elektabilitas ahok tinggal kelojot majelis ulama indonesia nu muhammad,1
503,norak banget iklan mantan menteri didik budaya respech tenun bangsa maksud,1
504,tebar benci ahok mbak mbak tau sih dakwa,1
505,bu sylvi mutu debat final pilih kepala daerah jakarta,1
506,huuu sylvi oceh nobarahokdjarot debat final pilih kepala daerah jakarta,1
507,sylvi beloon debat final pilih kepala daerah jakarta,1
508,ahok nista agama olok olok surat al almaidah cc,1
509,jakarta banjir pimpin akhlak nista agama,1
510,debat final pilih kepala daerah jakarta mati ahok,1
511,program bisa fitnah ciri orang suka ambil kjp kontan debat final pilih kepala daerah jakarta,1
512,empok silvy nyinyir melulu nya sayang sesat maklum sih dese mak mak devat final daerah khusus ibukota debat final pilih kepala daerah jakarta,1
513,haha pilih kepala daerah dasar polisi made in cina lindung nista agama,1
514,kurang daya wanita daerah khusus ibukota jakarta telak beda warna muka warna tangan empok sylvi debat final pilih kepala daerah jakarta,1
515,agus silvy tukang fitnah debat final pilih kepala daerah jakarta,1
516,debat final pilih kepala daerah jakarta ya gus sakit fisik verbal gue gebuk ramai,1
517,keluarga maling coyy trauma kaleeeee keluarga,1
518,kait jokowi ahok johan budi jokowi anjing ahok babi ya beda otak,1
519,bajing silvy debat final pilih kepala daerah jakarta,1
520,hasil lindung ahok dakwa nista agama,1
521,lepas banjir jakarta dukung ahok ganti narasi doa untung sang nista agama,1
522,tionghoa kayak putus sekolah banyak dugem,1
523,gusur ahok indonesia teladan buruk bangkang hukum anti manusia jakarta tular daerah coblospecinya,1
524,ahoker takut mati salat tenang abu janda ustaz gadungan salat ahoker jokower,1
525,mampus tembak banget silvy urus dapur program suka serang gue debat final pilih kepala daerah jakarta,1
526,anjir kali lihat orang bego debat pilih kepala daerah kerja serang karakter kecewa on empok silvy and agus debat final pilih kepala daerah jakarta,1
527,uang taipan bayar ratus gusur biadab ahok,1
528,cina anjing,1
529,bicara sylvi oke debat ahok sylvi langsung kuat goblok,1
530,banjir tuhan lawan ahok jakarta banjir jakarta banjir genang,1
531,pimpin pribumi pilih pimpin impor adab tukang bohong yuk pribumi daerah khusus ibukota milik bangsa indonesia,1
532,program modal bacot doang,1
533,dukung nista agama dukung gera,1
534,narkoba bahaya ilusi suci ahok sang nista,1
535,ahok orang nista agama,1
536,cina duit hasil maling indonesia kembali kedok investasi plus bawa gembel napi cina negeri nenek moyang ahok,1
537,tangkap ahok ahok koruptor reklamasi jakarta nista agama islam,1
538,banget bego nya empok silvy and agus debat final pilih kepala daerah jakarta,1
539,ahoker senang cuit gue sila unfollow gue anti ahok sih nista agama islam,1
540,agama nista ulama leceh alas harampemimpinkafir,1
541,serang ahok kafir galak,1
542,as anjing ahok kaum babi bacot duel gue,1
543,ahok verbal keras lampias lari lelaki lunak,1
544,maling cina babi bantu likuiditas bank indonesia korupsi nya triliun sih ahok korupsi triliun,1
545,mimpi main disc jockey farid jakarta islami aceh ahok pilih babi rindu halal,1
546,ridwan kamil hebat top kayak ahok tukang nista agama koruptor,1
547,ri sih ahok kutil babi,1
548,dasar sih kutil babi ahok tukang bohong bohong ahok salah tutup gagal nya contoh banjir,1
549,sih dakwa nista agama alias sih ahok babi jamban morfin uang rakyat jakarta,1
550,om ahoknya om sih babi ahok atas banjir om babi bual om,1
551,anak babi jalan nya tunduk malu lihat ulah nya bela ahok,1
552,perilaku sih babi benci bau islam cocok ahok,1
553,ahok sih kutil babi rumah lembang jakarta banjir bud,1
554,jujur orang cerdas pintar pilih orang imam pimpin salat aji santun sopan babi kafir ahok,1
555,teman ahok tai pimpin kayak babi,1
556,babi ahok ejek onta biar injek onta,1
557,stigma babi milik tuhan sih ahok kafir,1
558,kampung ya dukung agus harimurti yudhoyono,1
559,harahap panik ahok sih kutil babi tumbang putar terus cuap cuap mu media sosial pengaruh,1
560,ahok layak manusia babi akal pikir jiwa manusiawi,1
561,ahok ahok basuki tai babi,1
562,dumdum caci maki nista agama tahu poligami umpet begitu sih ogah,1
563,gusur iya trump nista agama anti islam hubung anis,1
564,nada asing koplo bela sih nista agama durjana suruh orang aji,1
565,bodoh nista agama pilih pimpin salat,1
566,pilih anis sandi pilih sih nista agama pecah negara satu republik indonesia,1
567,dakwa nista agama salah mana coba bikin hoaks metrotipu aman dewan peres,1
568,pamor rk akan partai politik usung dukung nista agama,1
569,sih ahok pantas nobat babi keprek,1
570,salah tulis dakwa nista agama coba tulis baginda mulia cih,1
571,fakta cina parasit otot bela sih nista agama,1
572,jokowi ratu adil turun darah biru darah kotor cina babi,1
573,keren nih apps kawal mungut suara yuk gabung pasti calon gubernur dakwa nista agama cepat antar habitat,1
574,tau ya koar sembarang banget benar bego fuck you,1
575,ahmad dhani hormat babi anjing kontol lonte tunggu nya karier mu habis,1
576,kang fakta partai dukung sih nista agama benci rakyat rakyat jabar,1
577,tolong sok cantik pacar artis letek jijik gue lihat,1
578,muntah lihat lagak nya orang sok iya banget hoek,1
579,televisi bicara ahmad dhani monyet babi anjing,1
580,perempuan kayak mending mati deh jelek sok make up artist,1
581,ahmad dhani borok sampah babi anjing orang muak lihat muka dhani bangga,1
582,sih ahok dakwa nista agama malu oi,1
583,putus erka hormat pilih partai dukung nista agama,1
584,lupa biar karam kapal munafik bangun jabar kapal bersih delete partai dukung nista agama hati,1
585,dunia nafsu ya kang sayap kayak burung hantu,1
586,nista agama santri hormat kasih ahok otak reparasi pilih kepala daerah nama santri kail jual belikan,1
587,payah banget maju jabar pakai partai nasional demokrat dukung nista agama butuh uang ya kang payah,1
588,polisi imam salat nista agama bodoh islam ikut copot kepala polisi resor jakbar,1
589,bodoh nista agama pilih pimpin salat,1
590,ria ranah habis pikir ntinggal tunggu azab allah nih negeri pimpin zalim,1
591,kampung datang nista agama,1
592,tuju ahok gelar santri hormat santri hormat babi,1
593,senang fan mati lupa bego banget,1
594,babi anjing mampus kalah jatuh miskin deh bekas sah,1
595,sih ahok ahok cina anjing kafir nista agama islam,1
596,anjing ahmad dan babi ahmad dhani,1
597,haha maki lawan tindas pimpin munafik lindung nista agama agama no islam taubat root,1
598,pikir anak bani kampret beda nista agama fitnah tipu garong,1
599,cewek pakai kerudung ya kali konferensi pers citra islami kali haha,1
600,surat pemberitahuan tahun ahok nasional demokrat susul rekan nya dukung pasang calon nista agama tukang caci maki tai tai,1
601,juli micin jadi camil kang bego bego banget,1
602,didoain ketemu sih nista agama langsung cebur laut reklamasi izin sembunyi tumbal reklamasi,1
603,qodr ahok cabe nya bahan bakar minyak facebook politik tau tau nya berita sampah citra,1
604,manusia anjing mati mati rela murtad babi ahok kafir,1
605,ahok jamban bela aparat kristen cina kafir berani menghi,1
606,resah presiden hidup penuh drama citra main film televisi joko judul,1
607,percaya induk nista tahan bela,1
608,mari muslim cyber army ganti sebut a k dakwa nista agama,1
609,orang islam suka sih hoaks nista agama jaga lisan tindak rusak hubung,1
610,pandeka nomorkoruptor negeri korup asuh cina babi,1
611,hajar bela nomorkoruptor cuihhhhhh,1
612,gusur cebong gila amuk bela sih homo nista agama haha,1
613,tolol bela nista agama sangka,1
614,orang saksi anjing babi tolol,1
615,sih ahok kampret becus kerja citra melulu sih ahok kampret,1
616,tanda kiamat x ya orang muslim ingkar al alquran pilih nista agama nomorkoruptor nomorkoruptor,1
617,janganmaudibohongiahok ahok sumber kacau politik ramai aski fight,1
618,mata najwa debat jakarta anies sadis topeng buka lebar malam biar warga daerah khusus ibukota nilai kecut,1
619,anies congor gede realisasi janji bisa korupsi dosen bangsat,1
620,mata najwa debat jakarta hebat ahok salam anies hormat idih gue sih ogah,1
621,mata najwa debat jakarta urus bacot anis nya juara makan bacot jakarta haha pasang calon aneh gede bacot doang,1
622,mata najwa debat jakarta anies omong doang menteri terobos bicara ky sok jago banget,1
623,mata najwa debat jakarta sih cina babi ahok banget sok pintar banget ahok,1
624,mata najwa debat jakarta lucu banget ahok sambung kena sekak mat isu agama dasar cina tolol haha,1
625,mata najwa debat jakarta topeng fix buka dukung bau busuk,1
626,mata najwa debat jakarta anies suka nyinyir suka putar fakta program bisa jelek kerja basuki,1
627,babi iya sih ahok kayak babi,1
628,sih tengkuk babi sipit bangkai agen dajjal onta haha orang waras tau ahok paksa,1
629,ahok kafir umat islam anti ahok ahok kafir tambah ahok cina suka makan babi bir,1
630,gue bilang babi ahok kafir gue gerombol babi ahok rasa anjingin bangsatin,1
631,si babi cina biadab laku kaum pribumi jongon surat pemberitahuan tahun baris serba nu nusantara dukung timpang biadab,1
632,ahok kafir takut debat rakyat asli pribumi nelayan pakar reklamasi rakyat ahok kafir bencong,1
633,nampaknya paket sokong cina babi sokong lgbt,1
634,biadab ahok cina kafir anak rakyat pribumi islam gusur rumah hidup,1
635,tim ahok otak toilet otak tumpul anies komit pancasila ahok kafir pancasila,1
636,mata najwa debat jakarta anies tinggal tenang tulus debat malam agitatif licik moga kalah anjing,1
637,proses sidang ahok waspada ulama kubu ahok ulama munafik sesat sesat,1
638,anies rangkul dua satu surat pemberitahuan tahun dangkal cekak intelektual budak ahok kafir,1
639,biadab ahok cina kafir rakyat asong gusur aniaya surat pemberitahuan tahun teroris ahok kafir biadab,1
640,kenyataanya juta rakyat asli pribumi miskin miskin ahok cina kafir,1
641,indonesia dibully orang salah binatang nomor biar liar mata najwa debat jakarta an,1
642,sidang ahok moga si nista agama antek mati wajar jasad terima tanah mrs sorga amin moga tuhan tuju,1
643,iya kelas nista agama nya bacot doang arogan surat putus bilang tai nenek oh ya sumber waras nama e kartu tanda duduk kabar sekakmat,1
644,penjara cina kafir ateis ahok pimpin babi tukang korupsi,1
645,kampanye racist bicara nya ahok untung goblok kafir untung perkosa bunuh enak duit,1
646,haha idiot bilang orang kafir nasrani dukung ahok kafir pasuk wilayah syariat islam,1
647,i hasil emak emak jual puki asli pihak partai komunis indonesia sih ahok anak cina anjing kafir negara satu republik indonesia,1
648,tim dukung sakit jiwa hilang akal sehat ide iklan ahok jahat,1
649,iklan ahok jahat hati hati frustrasi main kasar hasil survei sih nista agama kalah,1
650,hookk masuk gorong iklan ahok jahat,1
651,kayak nih kampanye tim aniessandiuno kampung intimidasi masyarakat kampung iya asutenan,1
652,sih kutil babi leceh pribumi umat islam iklan ahok jahat,1
653,bicara kaca pecah belah rukun ahok bisa kacau iklan ahok jahat,1
654,iklan ahok jahat teroris nyata indonesia wahabi onta babi babi milik cina tebar teror sungguh,1
655,sadar anak bangsa pertiwi diporakporandakan manusia biadab ahok aktor utama,1
656,gerombol ahok rindu rusuh hati kabul tuhan iklan ahok jahat,1
657,ahok and bani serbet and wereng coklat pancing umat muslim marah iklan ahok jahat kumpul orang sinting,1
658,iklan ahok jahat rezim jokowi kampret setan iblis dajjal bangkit kubur gembira pesta pora belenggu,1
659,anti cina ganyang cina siapaaaa anti ahok sang nista agama kampanye ahok jahat iklan ahok jahat kampanyesara,1
660,bingung kali pakai kampanye bikin fitnah kayak begitu depresi ya takut kalah iklan ahok jahat,1
661,tahu sama malin kundang ahok dua durhaka asbak iklan ahok jahat kampanye ahok jahat,1
662,aduh laku ahok sok sok jaga agam provokator racist iklan ahok jahat,1
663,sr iklan ahok jahat bikin darah didih bangsat penuh propaganda islam radikal,1
664,kepala polisi daerah babi biadab bodoh otak kali,1
665,deh ahok hina islam manusia hina banding agama mulia iklan ahok jahat,1
666,ahok kafir budak anjing nya sampah agama islam sampah masyarakat,1
667,umat agama islam jakarta haram najis ahok kafir kristen,1
668,april cnn kibar bendera kuning mati ahok djarot,1
669,akibat ulah orang kafir nasrani persis ahok kafir larang jilbab anak seko jakarta,1
670,baswedan gubernur jakarta komisioner komisi berantas korupsi ahok kafir pantas germo alexis,1
671,iklan ahok jahat ganyang benar ahok sih mau ya ahok adu domba pribumi tionghoa,1
672,djarot pikir rakyat pribumi bisa babu cina songong jongkok,1
673,otak toilet otak babi terima ahok kafir ahok kafir hina anggap islam sampah,1
674,putar ahok kafir curang umat islam komitmen jakarta jadi laut api pikir hukum,1
675,iklan ahok jahat ahok cipta bara api rakyat pribumi tionghoa balut fobia ahok kafir racist,1
676,heran perintah jokowi budak kuli cina ahok kafir naga,1
677,ya nama calon wakil gubernur goblok erti atur debat bego licik sandiaga uno,1
678,bodoh dukung ahok muslim singgung sih qur an hina diam iklan ahok jahat,1
679,gubraaaaak malu lihat untung malam debat kayak mata najwa coba format ringsek pasang anjing,1
680,otak ahok djarot tumpul loyo stres jebol copot ganti,1
681,ahok kafir maling garong lahan laut milik nelayan rampok rampas reklamasi untung cina kafir,1
682,sumpah bego banget sih kesal gue orang pilih makhluk kayak sandiaga uno coba oh agama,1
683,responden goblok paham wartawan berita goblok anies sandy pimpin mudah,1
684,front bela islam renovasi masjid ahok kafir kristen urus masjid hubung,1
685,ahoker kristen munafik henti olok gereja arah ahok hina sih bumi datar,1
686,uma survei sih botak menang ahok cina kristen bukti sih botak dukung cina kristen,1
687,ahok pecah belah umat ajar kristen konyol raup suara muslim ahok racist partai komunis indonesia tulen,1
688,oi tonton fitnah pale peang gym,1
689,ahok pilih pimpin dasar agama langgar konstitusi babi bungkus congor pecah belah umat agama,1
690,pribumi kristen dukung ahok anti manusia bodoh goblok steven hadisurya sulistyo,1
691,maksud bukti korupsi nista agama nya ya om bangsat tai maaf gue pakai bahasa babi ahok,1
692,eh tai bangsat omong kayak iwan bopeng potong leher tentara nasional indonesia bangsat iwan bopeng baekin tentara nasional indonesia tai,1
693,eh anak anjing ahok klan siuman mending emut bool basuki kasih tau babi bool basuki wangi,1
694,cewek cakap bego laku sih ahok cina bau tai makan bubur encer ahok paham komunis nista islam kristen,1
695,ajeng paham sih babi ahok bicara santun bangsat tai anjing setan intonasi familiar tuntun,1
696,bunuh mata mafia koruptor nya nista agama panggil popular nya babi ahok,1
697,sumber waras trans jakarta jokowi diam sih kutil babi ahok ganyang,1
698,muka sih babi ahok serbet lantai ahok,1
699,bang hancur bang musnah cina babi bumi pertiwi indonesia kedok reklamasi ahok,1
700,sapa bilang ahok anti korupsi grombolannya bicara wajar ahok mafia koruptor sang nista agama lindung istana partai komunis indonesia,1
701,gue mimpi sentil biji babi ahok cetar cetar langsung kejang adu jokowi jokowi sunat bicara al maidah,1
702,mudah gue ketemu sih babi iwan bopeng mungut suara nya anjing ahok,1
